participant,group-id,n-comments,n-votes,n-agree,n-disagree,0,1,2,3,4,5,6,7,8,9,10,11,12,13,14,15,16,17,18,19,20,21,22,23,24,25,26,27,28,29,30,31,32,33,34,35,36,37,38,39,40,41,42,43,44,45,46,47,48,49,50,51,52,53,54,55,56,57,58,59,60,61,62,63
0,0,6,9,3,0,0,0,0,0,0,0,1,,,,,,,,,,,1,,,,,,1,,,,,,,,,,,,,,,,,,,,,,,,,,,,,,,,,,,,,,,,
1,,0,6,3,2,1,-1,-1,1,1,0,,,,,,,,,,,,,,,,,,,,,,,,,,,,,,,,,,,,,,,,,,,,,,,,,,,,,,,,,,
2,,0,6,4,2,1,-1,-1,1,1,1,,,,,,,,,,,,,,,,,,,,,,,,,,,,,,,,,,,,,,,,,,,,,,,,,,,,,,,,,,
3,1,1,7,4,3,1,1,1,-1,-1,-1,,,,,,,,,,,,,,1,,,,,,,,,,,,,,,,,,,,,,,,,,,,,,,,,,,,,,,,,,,,
4,,0,4,4,0,1,,1,1,1,,,,,,,,,,,,,,,,,,,,,,,,,,,,,,,,,,,,,,,,,,,,,,,,,,,,,,,,,,,
5,,0,1,1,0,1,,,,,,,,,,,,,,,,,,,,,,,,,,,,,,,,,,,,,,,,,,,,,,,,,,,,,,,,,,,,,,,
6,,0,6,3,3,-1,-1,-1,1,1,1,,,,,,,,,,,,,,,,,,,,,,,,,,,,,,,,,,,,,,,,,,,,,,,,,,,,,,,,,,
7,,0,6,4,2,1,-1,-1,1,1,1,,,,,,,,,,,,,,,,,,,,,,,,,,,,,,,,,,,,,,,,,,,,,,,,,,,,,,,,,,
8,,0,5,1,2,1,-1,-1,0,0,,,,,,,,,,,,,,,,,,,,,,,,,,,,,,,,,,,,,,,,,,,,,,,,,,,,,,,,,,,
9,,0,6,4,2,1,-1,-1,1,1,1,,,,,,,,,,,,,,,,,,,,,,,,,,,,,,,,,,,,,,,,,,,,,,,,,,,,,,,,,,
10,,0,6,6,0,1,1,1,1,1,1,,,,,,,,,,,,,,,,,,,,,,,,,,,,,,,,,,,,,,,,,,,,,,,,,,,,,,,,,,
12,,0,6,5,0,1,1,0,1,1,1,,,,,,,,,,,,,,,,,,,,,,,,,,,,,,,,,,,,,,,,,,,,,,,,,,,,,,,,,,
13,0,0,11,4,3,0,0,0,0,1,1,,,,-1,-1,-1,,,,,,,,,,,,,,,,1,,,,,,,,,,,1,,,,,,,,,,,,,,,,,,,,,,,,,
14,0,0,7,4,2,1,-1,-1,1,1,1,0,,,,,,,,,,,,,,,,,,,,,,,,,,,,,,,,,,,,,,,,,,,,,,,,,,,,,,,,,
15,,0,6,3,2,1,-1,0,1,-1,1,,,,,,,,,,,,,,,,,,,,,,,,,,,,,,,,,,,,,,,,,,,,,,,,,,,,,,,,,,
16,,0,6,4,2,1,-1,-1,1,1,1,,,,,,,,,,,,,,,,,,,,,,,,,,,,,,,,,,,,,,,,,,,,,,,,,,,,,,,,,,
17,0,0,44,23,12,1,1,-1,-1,0,1,-1,-1,-1,-1,-1,0,1,-1,0,-1,-1,1,1,1,-1,1,1,1,1,1,1,1,1,1,1,0,0,0,1,1,0,1,1,0,-1,1,1,0,,,,,,,,,,,,,,,,,,,,
18,,0,6,3,2,1,-1,0,1,-1,1,,,,,,,,,,,,,,,,,,,,,,,,,,,,,,,,,,,,,,,,,,,,,,,,,,,,,,,,,,
19,0,0,7,3,3,1,-1,-1,1,-1,1,0,,,,,,,,,,,,,,,,,,,,,,,,,,,,,,,,,,,,,,,,,,,,,,,,,,,,,,,,,
20,,0,6,4,1,1,1,-1,0,1,1,,,,,,,,,,,,,,,,,,,,,,,,,,,,,,,,,,,,,,,,,,,,,,,,,,,,,,,,,,
21,,0,6,4,2,1,-1,-1,1,1,1,,,,,,,,,,,,,,,,,,,,,,,,,,,,,,,,,,,,,,,,,,,,,,,,,,,,,,,,,,
22,,0,6,3,2,1,-1,-1,0,1,1,,,,,,,,,,,,,,,,,,,,,,,,,,,,,,,,,,,,,,,,,,,,,,,,,,,,,,,,,,
23,,0,6,4,2,1,-1,-1,1,1,1,,,,,,,,,,,,,,,,,,,,,,,,,,,,,,,,,,,,,,,,,,,,,,,,,,,,,,,,,,
24,,0,6,5,1,1,1,-1,1,1,1,,,,,,,,,,,,,,,,,,,,,,,,,,,,,,,,,,,,,,,,,,,,,,,,,,,,,,,,,,
26,,0,3,2,1,1,,,,1,-1,,,,,,,,,,,,,,,,,,,,,,,,,,,,,,,,,,,,,,,,,,,,,,,,,,,,,,,,,,
27,,0,6,6,0,1,1,1,1,1,1,,,,,,,,,,,,,,,,,,,,,,,,,,,,,,,,,,,,,,,,,,,,,,,,,,,,,,,,,,
29,,0,6,2,3,1,0,-1,-1,1,-1,,,,,,,,,,,,,,,,,,,,,,,,,,,,,,,,,,,,,,,,,,,,,,,,,,,,,,,,,,
30,,0,6,4,2,1,-1,-1,1,1,1,,,,,,,,,,,,,,,,,,,,,,,,,,,,,,,,,,,,,,,,,,,,,,,,,,,,,,,,,,
31,,0,4,4,0,1,,1,1,1,,,,,,,,,,,,,,,,,,,,,,,,,,,,,,,,,,,,,,,,,,,,,,,,,,,,,,,,,,,
33,,0,6,1,2,0,0,0,1,-1,-1,,,,,,,,,,,,,,,,,,,,,,,,,,,,,,,,,,,,,,,,,,,,,,,,,,,,,,,,,,
34,,0,4,2,1,-1,0,1,,,1,,,,,,,,,,,,,,,,,,,,,,,,,,,,,,,,,,,,,,,,,,,,,,,,,,,,,,,,,,
35,,0,6,0,6,-1,-1,-1,-1,-1,-1,,,,,,,,,,,,,,,,,,,,,,,,,,,,,,,,,,,,,,,,,,,,,,,,,,,,,,,,,,
36,,0,6,5,1,1,1,-1,1,1,1,,,,,,,,,,,,,,,,,,,,,,,,,,,,,,,,,,,,,,,,,,,,,,,,,,,,,,,,,,
37,1,1,7,2,2,0,0,0,1,-1,-1,1,,,,,,,,,,,,,,,,,,,,,,,,,,,,,,,,,,,,,,,,,,,,,,,,,,,,,,,,,
38,0,0,7,2,1,0,0,0,1,1,0,-1,,,,,,,,,,,,,,,,,,,,,,,,,,,,,,,,,,,,,,,,,,,,,,,,,,,,,,,,,
39,1,0,7,2,5,1,-1,-1,1,-1,-1,-1,,,,,,,,,,,,,,,,,,,,,,,,,,,,,,,,,,,,,,,,,,,,,,,,,,,,,,,,,
40,,0,5,4,0,1,,0,1,1,1,,,,,,,,,,,,,,,,,,,,,,,,,,,,,,,,,,,,,,,,,,,,,,,,,,,,,,,,,,
41,,0,2,0,2,-1,,,,-1,,,,,,,,,,,,,,,,,,,,,,,,,,,,,,,,,,,,,,,,,,,,,,,,,,,,,,,,,,,
42,0,0,7,5,0,1,0,1,1,1,1,0,,,,,,,,,,,,,,,,,,,,,,,,,,,,,,,,,,,,,,,,,,,,,,,,,,,,,,,,,
43,1,0,7,5,2,1,1,1,-1,1,-1,1,,,,,,,,,,,,,,,,,,,,,,,,,,,,,,,,,,,,,,,,,,,,,,,,,,,,,,,,,
44,0,0,14,9,4,1,,-1,,,,,,,,,,,,,,,,1,1,,,,,,,,,,,1,,,,,,-1,,,,,1,,-1,,,,,,,,,1,1,,,1,0,,,-1,1,,
45,,0,3,3,0,1,,,,1,,1,,,,,,,,,,,,,,,,,,,,,,,,,,,,,,,,,,,,,,,,,,,,,,,,,,,,,,,,,
47,0,0,7,4,3,1,-1,-1,1,1,1,-1,,,,,,,,,,,,,,,,,,,,,,,,,,,,,,,,,,,,,,,,,,,,,,,,,,,,,,,,,
48,1,9,46,17,23,0,-1,-1,-1,-1,-1,1,1,1,1,1,1,1,1,1,1,0,-1,-1,-1,1,0,-1,-1,-1,-1,-1,-1,-1,-1,-1,1,0,1,-1,-1,-1,0,0,-1,-1,-1,1,1,1,1,,,,,,,,,,,,,,,,,,
49,0,0,7,3,1,0,0,0,1,1,1,-1,,,,,,,,,,,,,,,,,,,,,,,,,,,,,,,,,,,,,,,,,,,,,,,,,,,,,,,,,
50,0,0,16,6,0,1,0,,,1,1,0,0,,0,0,,0,0,1,1,0,,,0,,,,,,,,,,,,,,,,,,,,,1,,,0,,,,,,,,,,,,,,,,,,,,
51,0,0,16,3,10,0,0,0,1,1,1,-1,-1,-1,-1,-1,-1,-1,-1,-1,-1,,,,,,,,,,,,,,,,,,,,,,,,,,,,,,,,,,,,,,,,,,,,,,,,
52,1,0,15,0,0,0,0,0,0,0,0,0,0,0,0,,0,0,0,0,0,,,,,,,,,,,,,,,,,,,,,,,,,,,,,,,,,,,,,,,,,,,,,,,,
57,1,1,10,8,1,1,0,,,-1,,1,1,1,1,,1,,,1,,1,,,,,,,,,,,,,,,,,,,,,,,,,,,,,,,,,,,,,,,,,,,,,,,
58,0,0,11,5,3,1,0,0,,1,1,0,,,-1,,,1,-1,,1,-1,,,,,,,,,,,,,,,,,,,,,,,,,,,,,,,,,,,,,,,,,,,,,,,
59,0,0,17,6,10,1,-1,-1,1,1,1,-1,-1,-1,-1,-1,-1,1,-1,1,0,-1,,,,,,,,,,,,,,,,,,,,,,,,,,,,,,,,,,,,,,,,,,,,,,,
62,0,1,54,31,13,1,-1,0,1,1,0,-1,-1,1,-1,-1,-1,1,-1,0,0,-1,1,1,1,-1,1,1,1,1,1,1,1,1,0,1,-1,1,-1,1,0,0,0,1,0,-1,1,1,-1,1,1,1,1,1,0,1,1,1,1,,,,,,,,,,
63,0,0,17,6,9,1,0,0,1,1,1,-1,-1,-1,-1,-1,-1,1,-1,1,-1,-1,,,,,,,,,,,,,,,,,,,,,,,,,,,,,,,,,,,,,,,,,,,,,,,
64,0,0,17,5,9,1,-1,0,1,1,1,-1,-1,0,-1,-1,-1,1,-1,-1,0,-1,,,,,,,,,,,,,,,,,,,,,,,,,,,,,,,,,,,,,,,,,,,,,,,
66,1,0,10,6,4,1,1,,,,-1,1,,,1,-1,1,-1,1,,,,-1,,,,,,,,,,,,,,,,,,,,,,,,,,,,,,,,,,,,,,,,,,,,,,
67,0,0,19,8,8,1,-1,0,1,-1,1,-1,0,1,-1,-1,-1,1,0,1,1,-1,1,-1,,,,,,,,,,,,,,,,,,,,,,,,,,,,,,,,,,,,,,,,,,,,,
68,1,0,18,7,6,1,0,0,1,-1,-1,1,-1,0,1,1,1,-1,,1,0,0,-1,-1,,,,,,,,,,,,,,,,,,,,,,,,,,,,,,,,,,,,,,,,,,,,,
69,0,0,8,5,3,1,,,-1,1,,,,,-1,,-1,1,,,,,1,1,,,,,,,,,,,,,,,,,,,,,,,,,,,,,,,,,,,,,,,,,,,,,
70,1,1,13,8,5,1,,,1,-1,,1,1,-1,1,,,-1,,1,,1,-1,,-1,1,,,,,,,,,,,,,,,,,,,,,,,,,,,,,,,,,,,,,,,,,,,
73,0,0,14,4,9,0,,-1,,,1,,-1,,-1,-1,-1,1,-1,-1,-1,-1,1,,1,,,,,,,,,,,,,,,,,,,,,,,,,,,,,,,,,,,,,,,,,,,,
74,,0,1,1,0,1,,,,,,,,,,,,,,,,,,,,,,,,,,,,,,,,,,,,,,,,,,,,,,,,,,,,,,,,,,,,,,,
76,0,0,49,36,9,-1,-1,1,-1,1,1,-1,-1,1,0,1,1,1,0,1,1,1,1,1,0,1,1,,1,,,,1,0,,1,1,1,1,1,-1,1,1,1,,1,,1,-1,1,,1,,1,1,,1,1,,,1,1,,1,,,-1,1,-1
77,0,0,14,4,10,1,,-1,,,1,-1,-1,1,,-1,-1,1,-1,-1,-1,-1,,,,-1,,,,,,,,,,,,,,,,,,,,,,,,,,,,,,,,,,,,,,,,,,,
78,0,0,21,10,7,-1,0,1,1,1,1,0,-1,1,0,-1,-1,1,-1,0,1,-1,1,1,1,-1,,,,,,,,,,,,,,,,,,,,,,,,,,,,,,,,,,,,,,,,,,,
79,0,0,36,20,10,1,0,0,1,1,1,-1,-1,-1,-1,-1,-1,1,-1,1,-1,-1,1,1,1,-1,1,1,1,1,1,1,1,1,1,1,1,,0,,,,,0,,,,,,,,,0,,,,,,,0,,,,,,,,,
81,0,0,21,8,10,0,1,0,-1,1,1,-1,-1,-1,-1,-1,-1,-1,-1,1,0,-1,1,1,1,1,,,,,,,,,,,,,,,,,,,,,,,,,,,,,,,,,,,,,,,,,,,
82,1,0,15,10,3,1,1,,,-1,-1,1,1,1,0,1,1,,1,1,,1,0,,-1,,,,,,,,,,,,,,,,,,,,,,,,,,,,,,,,,,,,,,,,,,,,
83,1,0,21,8,9,0,0,0,-1,-1,-1,1,1,-1,-1,1,1,-1,1,1,-1,1,-1,-1,0,1,,,,,,,,,,,,,,,,,,,,,,,,,,,,,,,,,,,,,,,,,,,
84,0,0,19,6,13,-1,-1,,-1,1,1,-1,,-1,-1,-1,-1,1,-1,-1,-1,-1,1,1,1,-1,,,,,,,,,,,,,,,,,,,,,,,,,,,,,,,,,,,,,,,,,,,
85,0,0,21,7,11,-1,0,0,1,1,1,-1,-1,-1,-1,-1,-1,1,-1,-1,0,-1,1,1,1,-1,,,,,,,,,,,,,,,,,,,,,,,,,,,,,,,,,,,,,,,,,,,
86,0,0,18,7,5,1,0,0,1,1,1,0,,0,-1,-1,,1,-1,0,0,-1,1,,1,-1,,,,,,,,,,,,,,,,,,,,,,,,,,,,,,,,,,,,,,,,,,,
87,1,0,21,7,10,1,-1,-1,-1,-1,-1,0,1,0,1,1,1,-1,0,-1,0,1,-1,-1,-1,1,,,,,,,,,,,,,,,,,,,,,,,,,,,,,,,,,,,,,,,,,,,
88,0,0,21,8,11,0,1,1,1,-1,-1,-1,1,1,-1,-1,-1,1,-1,0,1,-1,-1,-1,1,-1,,,,,,,,,,,,,,,,,,,,,,,,,,,,,,,,,,,,,,,,,,,
91,1,0,19,17,2,1,-1,1,1,1,1,1,1,,1,1,1,1,,1,1,1,1,1,-1,1,,,,,,,,,,,,,,,,,,,,,,,,,,,,,,,,,,,,,,,,,,,
92,1,0,21,0,0,0,0,0,0,0,0,0,0,0,0,0,0,0,0,0,0,0,0,0,0,0,,,,,,,,,,,,,,,,,,,,,,,,,,,,,,,,,,,,,,,,,,,
93,1,0,56,17,39,1,1,-1,-1,-1,-1,1,1,1,1,1,1,-1,1,1,1,1,-1,-1,-1,1,-1,-1,-1,-1,-1,-1,-1,-1,-1,-1,1,-1,1,-1,-1,-1,-1,-1,-1,-1,-1,-1,1,-1,-1,-1,-1,-1,-1,-1,-1,-1,-1,-1,1,,,,,,,,
95,1,0,14,0,0,0,0,0,0,0,,0,0,,0,,0,0,0,,,,0,,0,0,,,,,,,,,,,,,,,,,,,,,,,,,,,,,,,,,,,,,,,,,,,
96,0,1,31,17,9,1,0,0,1,1,1,-1,-1,-1,-1,-1,1,0,-1,0,,-1,1,,1,-1,1,1,1,1,1,,1,,1,,0,,-1,1,,,,,1,1,,,,,,,,,,,,,,,,,,,,,,,
99,1,0,11,5,6,-1,-1,-1,-1,-1,,,,1,,1,1,,1,1,,,,-1,,,,,,,,,,,,,,,,,,,,,,,,,,,,,,,,,,,,,,,,,,,,,
101,0,8,64,37,15,0,0,0,-1,1,0,-1,-1,-1,-1,-1,-1,1,-1,0,-1,-1,1,1,1,-1,1,1,1,1,1,1,1,1,1,1,1,1,1,1,1,1,1,1,1,1,1,1,-1,0,0,1,0,1,1,0,1,1,1,0,-1,1,-1,1,1,0,1,0,-1
102,0,0,21,11,9,1,-1,0,1,1,1,1,-1,1,-1,-1,-1,1,-1,-1,1,-1,1,-1,1,1,,,,,,,,,,,,,,,,,,,,,,,,,,,,,,,,,,,,,,,,,,,
105,0,0,21,11,5,1,0,1,1,1,1,0,-1,0,0,0,1,1,-1,1,-1,-1,1,1,1,-1,,,,,,,,,,,,,,,,,,,,,,,,,,,,,,,,,,,,,,,,,,,
106,0,1,32,23,7,0,0,1,1,1,1,-1,-1,1,-1,-1,1,1,1,-1,1,-1,1,1,1,1,1,1,1,1,1,1,1,1,1,1,-1,,,,,,,,,,,,,,,,,,,,,,,,,,,,,,,,
114,0,0,20,9,8,0,0,0,,1,1,-1,-1,-1,1,-1,-1,1,-1,1,1,-1,1,1,1,-1,,,,,,,,,,,,,,,,,,,,,,,,,,,,,,,,,,,,,,,,,,,
116,0,0,17,4,9,0,0,0,-1,,1,-1,,0,-1,-1,-1,,-1,,-1,-1,1,1,1,-1,,,,,,,,,,,,,,,,,,,,,,,,,,,,,,,,,,,,,,,,,,,
117,0,8,23,15,8,1,1,,1,1,1,-1,-1,,,-1,-1,1,,-1,-1,-1,,,1,-1,1,1,1,1,1,1,1,1,,,,,,,,,,,,,,,,,,,,,,,,,,,,,,,,,,,
118,0,0,16,8,6,0,-1,,1,,,-1,,,,-1,,1,,-1,0,-1,,1,1,-1,1,1,,,,,,,,,,,,,1,,,1,,,,,,,,,,,,,,,,,,,,,,,,,
122,0,0,29,16,13,1,1,1,1,-1,1,-1,-1,-1,-1,-1,-1,1,-1,-1,-1,-1,1,1,1,-1,1,1,1,-1,1,1,1,1,,,,,,,,,,,,,,,,,,,,,,,,,,,,,,,,,,,
125,0,0,29,16,5,1,0,-1,1,1,1,0,-1,0,0,-1,-1,1,0,1,0,-1,1,1,1,0,1,1,1,1,0,1,1,1,,,,,,,,,,,,,,,,,,,,,,,,,,,,,,,,,,,
127,1,0,10,6,2,0,0,,,1,,1,,,,1,1,,1,,,1,,,,,,,,,-1,,-1,,,,,,,,,,,,,,,,,,,,,,,,,,,,,,,,,,,,
129,1,0,17,8,7,1,0,0,-1,-1,-1,,1,1,,,1,,1,1,1,,,,,,,,-1,-1,1,-1,,-1,,,,,,,,,,,,,,,,,,,,,,,,,,,,,,,,,,,
131,1,0,7,3,4,1,,,,-1,-1,,1,,,,,,,,,,,1,,,,,,-1,,-1,,,,,,,,,,,,,,,,,,,,,,,,,,,,,,,,,,,,,
133,0,0,18,10,4,0,0,,1,,,,,-1,,-1,-1,1,-1,0,0,,,,1,,,,,1,1,1,1,1,1,1,,,,,,,,,,,,,,,,,,,,,,,,,,,,,,,,,
137,,0,6,6,0,1,1,,,,,,,,,,1,,1,,,,1,,,,,,,,,,,,1,,,,,,,,,,,,,,,,,,,,,,,,,,,,,,,,,,
138,0,0,45,32,6,1,-1,0,1,1,1,1,-1,0,-1,1,-1,1,0,1,0,-1,1,1,1,1,1,1,1,1,0,1,1,1,0,1,0,,1,,1,,1,,,1,1,,-1,1,,1,,,,1,,,1,1,1,,1,,,,,,
140,,0,1,1,0,1,,,,,,,,,,,,,,,,,,,,,,,,,,,,,,,,,,,,,,,,,,,,,,,,,,,,,,,,,,,,,,,
141,1,0,10,1,9,1,,,-1,-1,-1,,,,,,-1,,-1,,-1,-1,,,,,,,,-1,,,-1,,,,,,,,,,,,,,,,,,,,,,,,,,,,,,,,,,,,
143,0,1,64,37,17,0,0,0,-1,1,1,-1,-1,-1,-1,-1,-1,1,-1,-1,-1,-1,0,0,1,-1,1,1,1,1,1,1,1,1,1,1,-1,1,1,1,1,1,1,1,1,1,1,1,-1,1,-1,1,0,1,1,0,1,0,1,1,-1,1,0,1,1,0,1,1,-1
144,0,0,40,22,9,-1,0,0,0,1,0,-1,-1,0,-1,-1,-1,0,0,0,0,-1,1,1,1,-1,1,1,1,1,1,1,1,1,1,1,-1,1,1,1,1,1,1,1,1,,,,,,,,,,,,,,,,,,,,,,,,
145,1,0,46,5,0,0,0,0,0,1,0,0,0,0,0,0,0,0,0,0,0,0,0,1,0,0,0,1,0,0,0,0,0,0,0,0,0,0,0,0,0,0,1,0,0,0,0,1,0,0,0,,,,,,,,,,,,,,,,,,
147,0,0,54,30,13,0,0,0,-1,1,1,-1,-1,-1,-1,-1,-1,1,-1,-1,-1,-1,1,1,1,-1,1,1,1,1,0,1,1,1,1,1,0,1,1,1,1,1,1,1,1,1,1,1,-1,0,0,1,0,1,1,0,0,1,0,,,,,,,,,,
148,0,0,11,6,4,1,,,1,,,0,,-1,-1,-1,,,,-1,,,,,,,,,1,,,1,,1,,,,,1,,,,,,,,,,,,,,,,,,,,,,,,,,,,,,
149,0,0,33,22,9,1,0,,0,1,1,-1,-1,-1,-1,-1,-1,1,-1,,-1,,1,1,1,-1,1,1,1,1,1,1,1,1,,,,1,,1,1,1,1,1,1,,,,,,,,,,,,,,,,,,,,,,,,
151,0,0,40,26,14,1,1,1,1,1,1,-1,-1,1,-1,-1,-1,1,-1,-1,-1,-1,1,1,1,-1,1,1,1,1,1,1,1,1,-1,1,1,1,-1,1,1,-1,-1,1,1,,,,,,,,,,,,,,,,,,,,,,,,
152,0,0,18,9,4,1,,,,1,1,0,,0,,-1,-1,1,-1,,,,0,,,-1,,,1,,,0,1,,,,,1,,1,0,1,,,,,,,,,,,,,,,,,,,,,,,,,,,
153,0,0,40,29,11,1,1,1,1,1,-1,-1,1,-1,-1,-1,1,1,-1,1,-1,-1,1,1,1,-1,1,1,1,1,1,1,1,1,1,1,-1,1,1,1,1,-1,1,1,1,,,,,,,,,,,,,,,,,,,,,,,,
158,0,0,41,23,14,0,0,0,1,1,1,-1,-1,-1,-1,-1,-1,1,-1,0,-1,-1,1,1,1,-1,1,1,1,1,1,1,1,1,1,1,1,1,-1,-1,-1,1,1,-1,1,1,,,,,,,,,,,,,,,,,,,,,,,
159,0,0,36,22,11,-1,-1,-1,1,,1,,-1,1,-1,-1,-1,1,1,0,0,-1,,-1,1,0,1,1,1,1,1,1,1,1,1,1,1,1,,1,-1,1,1,-1,,1,,,,,,,,,,,,,,,,,,,,,,,
163,0,0,41,25,0,1,0,0,0,0,1,0,0,0,,0,0,1,0,0,0,0,1,1,1,0,1,1,1,1,1,1,1,1,1,0,0,1,1,1,1,1,1,1,1,1,1,,,,,,,,,,,,,,,,,,,,,,
166,0,0,54,30,13,0,0,0,0,1,1,-1,-1,-1,-1,-1,-1,1,-1,-1,-1,-1,0,0,1,-1,1,1,1,1,0,1,1,1,1,1,-1,1,1,1,1,1,1,1,1,1,1,1,-1,1,0,0,0,1,1,0,1,1,1,,,,,,,,,,
167,0,0,38,23,8,0,,0,0,1,1,-1,-1,,-1,-1,-1,1,-1,,0,-1,1,1,1,-1,1,,1,1,0,1,1,1,1,1,0,1,0,1,1,1,1,1,1,1,1,,,,,,,,,,,,,,,,,,,,,,
168,0,0,16,7,1,0,,0,,,,,0,0,-1,,,,0,0,,,1,1,,,,0,,,,,1,1,1,1,0,,,1,,,,,,,,,,,,,,,,,,,,,,,,,,,,,
169,0,0,25,17,6,0,,,1,1,1,1,-1,,-1,-1,-1,1,-1,0,1,,1,,1,-1,1,1,,,,,,1,,1,,1,,,,,1,1,,1,1,,,,,,,,,,,,,,,,,,,,,,
170,0,1,40,25,8,0,0,0,1,1,1,,-1,-1,-1,-1,-1,1,-1,0,1,-1,1,1,1,-1,1,1,1,1,1,0,1,1,1,1,0,1,1,,0,,1,1,1,1,1,1,,,,,,,,,,,,,,,,,,,,,
171,,0,2,0,2,-1,,,,,,,,,,,,,,,,,,,,,,,,,,,,,-1,,,,,,,,,,,,,,,,,,,,,,,,,,,,,,,,,,
176,1,0,7,1,0,0,,,,0,,,,,,,,,,,,,,,,,1,,,0,,,0,0,,,,,,,,,,,,,,,0,,,,,,,,,,,,,,,,,,,,
178,0,2,56,49,7,1,1,1,1,1,1,1,1,-1,1,1,1,1,1,1,1,-1,1,1,1,-1,1,1,1,1,1,1,1,1,1,1,1,1,-1,1,1,-1,-1,1,1,1,1,1,1,1,1,1,1,1,1,-1,1,1,1,,,1,,,,1,,,
185,0,0,45,26,9,0,0,0,-1,1,0,1,-1,,-1,-1,-1,1,-1,0,-1,-1,1,1,1,0,1,1,1,1,1,1,0,1,1,1,1,1,1,1,1,0,1,1,0,1,1,1,-1,1,0,,,,,,,,,,,,,,,,,,
189,,0,5,5,0,1,,,,,,,,,,,,1,,,1,,,,,,,,,,1,1,,,,,,,,,,,,,,,,,,,,,,,,,,,,,,,,,,,,,
196,0,6,49,35,11,1,0,0,1,1,1,-1,1,-1,-1,-1,-1,1,-1,1,-1,-1,1,1,1,-1,1,1,1,,1,1,,1,0,1,1,1,1,,1,,-1,1,1,1,1,1,-1,1,1,1,1,1,1,1,1,1,,,,,,,,,,,
198,0,0,48,31,11,0,0,0,-1,1,1,1,-1,0,-1,-1,-1,1,-1,-1,-1,-1,1,1,1,-1,1,1,1,1,1,1,1,1,1,1,1,1,1,1,1,0,1,1,1,0,1,1,-1,1,1,1,1,,,,,,,,,,,,,,,,
202,0,0,35,23,8,1,1,0,-1,,1,-1,,,,,0,1,,,0,-1,1,1,1,-1,,,1,1,,1,1,1,1,,-1,0,-1,1,1,1,1,1,1,1,1,,-1,1,-1,1,,,,,,,,,,,,,,,,,
203,0,0,28,15,3,1,,0,1,1,,1,1,-1,0,,0,,,,0,1,1,,,0,1,,1,,1,0,,1,,,-1,1,1,,,0,0,0,-1,,1,,,,0,,1,,,,,,,,,,,,,,,,
204,0,0,15,11,4,1,,,-1,,,,,,,-1,,,,,,-1,,,,,1,,,1,,1,1,,,1,,,,1,,1,,,1,1,1,,-1,,,,,,,,,,,,,,,,,,,,
208,0,0,37,29,8,1,,,1,1,1,-1,1,,,-1,-1,1,1,-1,,-1,1,1,1,-1,1,1,1,,1,1,1,,1,1,1,,1,1,1,-1,1,1,,-1,1,1,,1,1,1,,,,,,,,,,,,,,,,,
210,0,0,12,9,2,-1,,,,,,,,,,-1,,,,,0,,,,1,,,,,,,1,,,,,1,1,,1,,,1,,,1,,,,1,,1,,,,,,,,,,,,,,,,,
217,0,0,49,31,16,1,0,0,1,1,1,-1,-1,-1,-1,-1,-1,1,-1,-1,-1,-1,1,1,1,-1,1,1,1,1,1,1,1,1,1,1,-1,1,-1,1,1,1,1,1,1,1,1,1,-1,1,-1,1,-1,1,,,,,,,,,,,,,,,
218,0,0,24,17,3,1,0,,0,,1,1,,,-1,-1,,,1,1,0,,1,1,1,,1,1,,,,,,1,,1,1,,,,,1,,,1,,,,0,1,-1,,,1,,,,,,,,,,,,,,,
221,0,1,19,9,5,1,0,,,,,-1,-1,,,-1,,,-1,0,,,1,1,,,,,,,0,1,,1,1,,0,1,,,1,,,,,0,,,,,-1,,,,1,,,,,,,,,,,,,,
222,0,0,14,8,5,1,,,1,,,-1,-1,,,-1,,1,-1,,,,,1,,,,1,1,0,,,,1,,,,,,,,,,,-1,,,,,,,,,1,,,,,,,,,,,,,,,
224,0,0,31,21,10,1,1,,,1,1,-1,-1,-1,-1,-1,,1,-1,,-1,,1,,,-1,1,1,,,1,1,,1,1,,,,1,,1,,1,1,-1,,1,,,1,-1,1,,1,1,,,,,,,,,,,,,,
225,0,0,45,26,10,1,0,-1,0,0,1,,-1,1,-1,-1,-1,1,-1,0,,-1,,,1,-1,1,1,1,1,1,1,1,1,1,1,-1,0,0,1,1,,1,1,1,0,1,0,-1,1,1,1,0,1,1,,,,,,,,,,,,,,
233,0,0,36,30,5,1,-1,,,1,1,1,,1,-1,,-1,,1,1,,,0,-1,1,,,1,1,1,1,1,1,,1,1,1,1,1,1,1,1,,,1,1,1,1,-1,1,,1,1,,,,1,,,,,,,,,,,,
238,0,0,62,52,5,1,1,1,1,1,1,-1,0,1,-1,1,-1,1,0,0,1,-1,1,1,1,-1,1,1,1,1,1,1,1,1,1,1,1,1,0,1,1,1,1,1,1,1,1,1,0,1,1,1,1,1,1,1,1,1,1,1,1,1,1,1,1,1,1,,
243,0,0,30,19,8,0,-1,,1,,,,-1,-1,-1,,-1,1,,,,,1,,1,-1,1,1,1,1,,1,1,1,,,-1,0,,1,,1,1,0,-1,1,,1,,,,,,1,1,,,1,,,,,,,,,,,
251,0,0,34,26,8,1,1,1,,,1,,-1,,-1,-1,-1,1,-1,1,,,1,1,1,-1,,,1,1,,1,,,,1,-1,1,1,,1,1,,1,1,1,,1,-1,1,1,,1,1,1,,,,,,,,,,,,,,
252,0,0,53,37,16,1,1,-1,1,1,1,-1,-1,-1,-1,-1,-1,1,-1,-1,-1,-1,1,1,1,-1,1,1,1,1,1,1,1,1,1,1,-1,1,-1,1,1,-1,1,1,1,1,1,1,-1,1,1,1,1,1,1,1,1,1,,,,,,,,,,,
254,0,0,22,14,8,1,-1,,1,1,,,-1,,,-1,-1,,,,,,,1,,,,,1,,,1,1,1,-1,,,,,,,,1,-1,1,,1,,-1,1,-1,,1,,,,,1,,,,,,,,,,,
256,0,0,31,22,9,-1,1,-1,,,,-1,-1,,,-1,-1,1,1,1,1,-1,1,1,1,-1,,1,1,1,,,,,-1,,,1,,,1,1,,1,1,,,,,,1,1,1,,1,1,,1,,,,,,,,,,,
258,0,0,34,13,2,0,,0,0,,1,0,,,,,-1,0,0,0,0,-1,0,,0,0,0,1,,0,1,1,,0,1,0,0,,0,1,1,,,1,1,1,1,1,,,0,0,,1,,,,,,,,,,,,,,,
259,0,0,15,9,1,0,,,,,,0,,,-1,,,1,,,,,,,1,,,,,,,,,1,1,1,,1,,,0,,,,,0,,,0,,1,,1,,,,,,1,,,,,,,,,,
260,0,0,21,14,5,1,,,1,,1,-1,,1,-1,,-1,,,0,,,1,1,1,-1,,,,,,,1,,1,1,,1,,,,,,1,,,,,-1,,,,1,,,,,1,0,,,,,,,,,,
261,0,0,54,31,6,0,0,0,0,1,1,0,-1,0,0,0,0,1,-1,0,-1,-1,1,1,1,-1,1,1,1,1,1,1,1,1,-1,1,0,1,1,0,1,0,1,0,1,0,1,1,0,1,1,1,0,1,1,1,1,1,1,,,,,,,,,,
266,0,0,41,26,5,0,0,0,1,,1,-1,0,0,-1,,-1,,,0,1,-1,,1,1,-1,1,,1,1,1,1,,,1,1,0,,1,1,,,1,1,1,1,1,0,0,1,,1,1,1,,0,1,1,1,,,,,,,,,,
271,0,0,54,33,13,0,0,0,0,1,1,-1,-1,-1,-1,-1,-1,1,-1,-1,-1,-1,1,1,1,-1,1,1,1,1,1,1,1,1,1,1,-1,1,1,1,1,1,1,1,1,1,1,1,-1,1,0,1,0,0,1,0,1,1,1,,,,,,,,,,
272,0,0,35,13,0,0,,0,1,,1,0,0,0,0,,,1,,0,0,,1,1,,0,,1,1,1,0,0,,0,0,,1,,0,1,,0,0,,,,,1,0,1,0,1,,0,0,,0,,0,,,,,,,,,,
273,1,0,27,16,3,0,,,1,-1,,1,,1,,0,0,-1,,-1,,0,,,,1,1,1,,,1,,1,1,1,1,,,,,0,,1,,,,1,,1,1,,1,,0,,0,,,0,,,,,,,,,,
275,0,0,20,12,1,0,,0,,,1,,,,-1,,0,,,,,,,1,,0,,1,1,1,,,1,,,0,0,,0,,,,,1,,1,1,,,,,,,1,1,,,1,,,,,,,,,,,
278,1,0,19,0,0,0,,0,,,0,,,0,,,,,0,,,,0,,,,,,0,,,,,,0,,0,,,,,,0,,0,,,,0,0,0,0,,0,0,0,0,,,,,,,,,,,,
279,0,0,54,31,11,0,0,0,1,1,1,-1,0,-1,-1,-1,-1,1,-1,0,-1,-1,1,0,1,-1,1,1,1,1,0,1,1,1,0,0,1,1,1,1,1,1,1,1,1,1,1,1,-1,1,0,1,1,1,0,0,-1,1,1,,,,,,,,,,
280,1,0,28,0,0,0,0,0,,0,,,,,,0,0,,0,,0,0,0,,,,0,0,0,,0,,0,0,0,0,0,0,,0,,,,,0,,,0,,,0,0,0,,0,0,,,,,,,,,,,,,
281,1,0,56,3,7,0,0,0,0,0,0,0,0,0,0,0,0,-1,1,0,0,0,0,0,0,1,0,0,0,-1,0,-1,-1,0,-1,-1,0,0,0,0,0,0,0,0,0,0,0,0,1,0,0,0,0,-1,0,0,0,0,0,0,0,,,,,,,,
284,0,1,55,50,5,1,1,1,1,1,1,1,1,1,1,1,1,-1,1,1,1,1,1,1,1,1,1,1,1,1,1,1,1,-1,1,1,1,1,1,1,1,1,1,1,1,1,1,-1,-1,1,1,1,1,1,1,-1,1,1,1,1,,,,,,,,,
287,1,0,31,4,17,0,,0,-1,-1,-1,1,,1,,,1,-1,,1,0,,,,,,,,0,,0,,-1,-1,-1,-1,,,,,-1,-1,-1,,-1,-1,0,,,,0,-1,0,0,-1,-1,-1,0,,,,,,,,,,,
289,1,0,45,17,28,1,-1,-1,-1,,1,-1,1,1,1,1,1,-1,1,-1,-1,1,-1,-1,-1,,,-1,-1,1,1,-1,-1,,,-1,,1,-1,-1,-1,-1,-1,-1,-1,,1,,1,,-1,-1,1,-1,-1,,,-1,1,-1,1,,,,,,,,
291,0,2,30,14,8,0,,,,,,0,,,-1,,,,0,,0,-1,1,1,,0,1,,1,0,1,,,,-1,1,,-1,,,1,-1,-1,0,,-1,,1,0,,,1,1,1,-1,,,,1,,,1,1,,,,,,
292,0,0,15,10,2,1,,,,1,,-1,,,-1,,,1,,,,,,,,0,1,,,,,0,,1,,,,,,,,,,,,1,,1,,,,,1,1,,0,,,,,,1,,,,,,,
295,0,0,26,17,7,1,,,,,,,,,-1,,,1,-1,,0,-1,,1,,,1,1,,1,,,,,1,1,,,-1,1,-1,1,1,1,1,1,1,,,,-1,,,0,1,,1,,,,-1,,,,,,,,
300,0,0,37,20,7,1,0,0,,,0,-1,,,-1,,,,-1,,1,-1,1,,1,,1,1,,1,1,,1,0,0,1,,,,,0,-1,1,,1,0,1,,-1,1,,1,,1,0,1,1,1,0,1,0,-1,,,,,,,
302,0,1,60,9,5,0,0,0,0,0,0,0,0,0,-1,-1,0,1,0,0,0,-1,0,1,0,-1,0,0,0,0,0,0,1,0,0,0,0,1,0,0,0,0,0,0,0,0,0,0,-1,0,0,0,0,0,1,0,0,0,0,1,0,0,1,1,1,,,,
303,1,0,61,1,0,0,0,0,0,0,0,0,0,0,0,0,0,0,0,0,0,0,0,0,0,0,0,0,0,0,0,0,0,0,0,0,0,0,0,0,0,0,0,0,0,0,0,0,0,0,0,0,0,0,0,0,0,0,0,0,0,0,0,0,1,0,,,
305,0,0,62,40,16,0,0,0,-1,1,1,-1,-1,-1,-1,-1,-1,1,-1,-1,-1,-1,1,1,1,-1,1,1,1,1,1,1,1,1,1,1,-1,1,1,1,1,1,1,1,1,1,1,1,-1,1,0,1,0,1,1,0,1,1,1,1,-1,1,-1,1,1,1,1,,
306,0,0,14,9,4,-1,,,1,1,,,,-1,,,,,,,,,,,,,1,,,1,,,,,,,1,,1,,,0,,,,1,,1,,,,,,1,,,,,,,-1,,,,,,-1,,
308,0,0,62,30,22,1,-1,-1,1,1,0,-1,-1,-1,-1,-1,-1,1,-1,-1,0,-1,1,1,1,-1,1,1,1,1,0,1,1,1,-1,1,-1,1,-1,1,1,-1,-1,1,0,-1,1,1,-1,1,0,1,0,0,1,-1,0,1,1,0,-1,1,1,0,1,-1,1,,
313,1,0,15,8,7,1,,,,1,-1,,,,1,,,,1,,,,,,-1,,,,,,1,,,-1,,,,,,,1,,,,,,-1,1,,,1,,,,,-1,-1,,,,,-1,,,,,,,
314,0,0,10,6,2,1,,-1,,,,,,,0,,,,1,,,,,,,,,1,,,,,,,,,-1,1,,,,,,,,,,,,,1,,,1,,0,,,,,,,,,,,,,
317,0,0,20,13,7,1,1,,,,,,-1,,-1,-1,-1,,,,,-1,,1,,-1,,1,1,,1,1,,,,1,,1,1,,,-1,,,,,,,,1,,,,,,,,,,,,1,,,,,1,,
323,0,0,22,16,5,-1,,,,-1,,,-1,,,,-1,1,,,,,,1,1,-1,1,,,1,1,0,,1,,,,,1,1,1,,1,,,1,,1,,,,,,,,,,,,,,1,,,1,,1,,
324,0,0,58,49,6,0,0,0,-1,1,1,1,1,1,-1,-1,-1,1,1,1,1,-1,1,1,1,1,1,1,1,1,1,1,1,1,1,1,1,1,1,1,1,-1,1,1,1,,1,1,,1,1,1,1,1,1,1,1,,1,,1,1,1,1,1,1,1,,
326,0,0,32,17,14,-1,,,-1,,,-1,,,,-1,-1,,-1,-1,,-1,,-1,,-1,,1,1,,,,,,1,,-1,,-1,1,1,,,1,1,,1,1,,1,,,1,,1,1,1,0,,,,1,1,-1,1,-1,,,
332,0,0,12,6,4,0,,,1,,,-1,,,,,-1,,-1,,,,,,1,,,,,,,1,,,0,,,,1,,,,,,-1,,,,,,,,,,,,1,,,,,,,,1,,,,
341,0,0,34,19,9,0,0,,-1,,1,-1,,-1,,-1,,1,1,,,-1,1,1,,,,1,1,1,,1,,,-1,0,1,0,,,0,,,-1,,1,,1,-1,1,0,1,1,1,1,1,1,,,,,,,-1,,,,,
342,0,0,41,18,9,1,0,0,1,1,1,,-1,1,0,0,,0,,1,,-1,,-1,0,-1,0,1,,0,1,0,1,,0,0,,,,,-1,0,,,,-1,1,1,,1,,0,,0,1,,1,,1,1,-1,,1,,,-1,-1,1,
344,0,0,52,38,10,0,0,0,1,1,1,-1,-1,1,-1,-1,-1,1,-1,,0,-1,1,,1,-1,1,1,1,1,1,,1,1,1,1,1,,-1,1,1,-1,1,1,1,1,,,,,,1,1,1,1,1,1,1,1,1,,1,,1,1,1,1,1,
346,0,0,9,4,4,0,-1,,,,,,,,-1,,,,-1,,,,,,,-1,,,,,,,,,,,,,,,,,1,,,,,,,,,,1,,,,,1,,,,,,,,,1,,
355,0,0,58,29,13,1,-1,-1,1,1,1,-1,-1,1,-1,-1,,1,-1,0,1,-1,0,0,0,-1,1,1,1,0,,0,1,1,0,0,1,1,1,0,1,1,1,-1,-1,0,1,,0,1,,1,0,0,1,0,-1,1,1,1,1,1,,-1,1,0,0,1,
359,0,0,9,6,3,1,,,,,1,,,,,,,,,,,-1,1,,,-1,,,,,,,,1,,,,,,,,,,,,,1,,,,-1,,,,,,,,,,,,,,,,1,,
365,0,0,63,35,20,0,0,0,0,-1,-1,-1,-1,-1,-1,-1,-1,1,-1,0,0,-1,-1,1,1,-1,1,1,1,1,1,1,1,1,1,1,-1,1,1,1,0,1,1,1,1,1,1,1,-1,1,-1,1,-1,1,1,1,1,-1,1,1,-1,1,-1,0,1,-1,1,1,
368,0,0,19,13,5,1,-1,,1,1,1,,,,,-1,,1,-1,-1,0,-1,,,1,,1,,,,1,,,,,1,,,,,,,,1,1,,1,,,,,1,,,,,,,,,,,,,,,,,
371,1,0,14,11,2,1,1,,,,,,-1,,,1,,,1,1,1,,,0,,,,,1,,,,1,,,1,,,,,,,,,,,,,,,,1,,1,,,,,,,,,,,,,-1,,
380,1,0,57,41,12,0,0,0,1,1,-1,,1,1,-1,1,1,-1,1,1,1,1,,1,-1,1,1,1,1,1,1,0,,1,-1,1,,-1,1,1,1,1,1,-1,-1,1,1,,1,1,,1,1,1,-1,1,1,1,-1,1,1,1,1,-1,1,1,-1,1,
385,,0,4,4,0,1,,,1,,,,,,,,,,,,,,,,,,1,,,,,,,,,,,,1,,,,,,,,,,,,,,,,,,,,,,,,,,,,,,
387,0,0,26,7,0,0,,,,,0,,,0,0,0,,1,,0,,0,0,,,,,1,,1,,0,,,0,0,,,0,,,0,0,0,,,,0,,0,,1,,,0,,0,1,1,,,,,,,,1,,
391,1,0,55,0,0,0,0,0,0,0,0,0,0,0,0,0,0,,0,0,0,0,0,0,0,0,,0,0,,0,0,0,,,0,,0,0,0,0,0,0,0,0,0,0,0,0,0,0,0,0,0,0,,0,0,0,0,0,0,0,0,,0,0,0,
401,0,0,39,9,3,0,0,0,,0,0,,,-1,,-1,,,0,0,,0,0,0,,-1,0,1,1,,0,0,0,,0,,0,1,,,0,0,,1,,,1,1,0,,,1,0,1,,0,0,0,1,0,,,0,0,,0,,,
402,0,0,60,37,0,0,,0,1,1,1,0,0,0,0,0,0,1,0,0,0,0,1,1,1,0,1,1,1,1,1,1,1,1,0,1,1,,1,1,1,0,0,1,1,0,1,1,0,1,1,1,1,1,1,0,0,1,0,1,0,,0,1,1,1,1,1,
409,0,0,51,29,16,0,,0,1,1,1,1,-1,-1,-1,0,,,-1,0,1,,,-1,,1,1,1,1,1,1,-1,1,,-1,,1,1,1,,,1,-1,-1,-1,-1,1,1,-1,1,,1,1,1,0,-1,-1,1,1,,1,,1,-1,1,1,-1,1,0
32,,0,1,1,0,,1,,,,,,,,,,,,,,,,,,,,,,,,,,,,,,,,,,,,,,,,,,,,,,,,,,,,,,,,,,,,,,
46,,0,1,1,0,,1,,,,,,,,,,,,,,,,,,,,,,,,,,,,,,,,,,,,,,,,,,,,,,,,,,,,,,,,,,,,,,
60,,0,5,2,3,,-1,,-1,,-1,1,,,,,1,,,,,,,,,,,,,,,,,,,,,,,,,,,,,,,,,,,,,,,,,,,,,,,,,,,,
97,,0,1,1,0,,1,,,,,,,,,,,,,,,,,,,,,,,,,,,,,,,,,,,,,,,,,,,,,,,,,,,,,,,,,,,,,,
100,,0,4,1,3,,1,,,,-1,-1,,,,,,,-1,,,,,,,,,,,,,,,,,,,,,,,,,,,,,,,,,,,,,,,,,,,,,,,,,,
113,0,0,7,2,4,,1,-1,,,,,,,,,-1,,,-1,0,-1,,,1,,,,,,,,,,,,,,,,,,,,,,,,,,,,,,,,,,,,,,,,,,,,
123,1,0,18,0,0,,0,0,,0,0,0,,0,0,,,,,,0,,,,0,,,0,,0,0,0,,0,,0,0,,,,0,0,,,,,,,,,,,,,,,,,,,,,,,,,,,
142,0,0,20,14,5,,1,,-1,1,1,1,,1,1,-1,-1,,1,0,,-1,1,1,,1,,,1,1,,1,,1,-1,,,,,,,,,,,,,,,,,,,,,,,,,,,,,,,,,,
146,0,0,25,12,6,,0,,-1,1,1,,,,-1,-1,,1,,0,,-1,,,0,-1,1,,,0,0,1,1,1,1,,-1,0,0,1,,1,1,1,,,,,,,,,,,,,,,,,,,,,,,,,
162,0,0,21,14,7,,-1,-1,,,,,-1,,-1,,-1,,,1,,,1,1,1,-1,,1,1,1,,1,1,1,,1,,1,,,,-1,,,,1,1,,,,,,,,,,,,,,,,,,,,,,
172,0,0,20,15,1,,0,0,,,1,,-1,,1,0,,,,0,,,1,,,,1,1,1,,,1,,,,,,1,1,1,1,1,1,,,,1,1,,,,,,,,,,,,,,,,,,,,,
174,,0,5,1,1,,0,,,,,,,,,,,,,,,-1,,,,,,,,0,,,,,,,,,,0,,1,,,,,,,,,,,,,,,,,,,,,,,,,,,
177,1,0,26,1,25,,-1,-1,,-1,,-1,-1,-1,,,,-1,,,1,,-1,-1,-1,,,-1,,-1,,-1,-1,-1,,-1,-1,,-1,,-1,-1,-1,-1,-1,-1,,,-1,,,,,,,,,,,,,,,,,,,,
181,,0,5,2,2,,-1,-1,,,,1,,,,,,0,,,,,1,,,,,,,,,,,,,,,,,,,,,,,,,,,,,,,,,,,,,,,,,,,,,,
184,0,0,9,7,1,,0,,1,1,,,,,,,-1,1,,,,,1,,,,,,,1,,,,,,,,,1,1,,,,,,,,,,,,,,,,,,,,,,,,,,,,,
193,0,0,26,15,8,,-1,,,1,1,-1,,,-1,-1,-1,1,,,-1,-1,1,1,1,,1,1,1,1,,1,,,0,,,,,,1,1,0,,0,,,1,-1,1,,,,,,,,,,,,,,,,,,,
209,0,0,11,7,2,,0,,,,,,,,,,,,,1,,,,,,-1,1,,1,,1,,,,,,,0,,,1,1,,,,,,,-1,1,,,,,,,,,,,,,,,,,,,
212,0,0,36,22,12,,0,-1,1,,1,-1,-1,-1,-1,-1,-1,,-1,-1,1,-1,,1,1,-1,1,1,1,,1,,,1,,1,-1,1,,1,1,,1,,1,1,1,1,0,,1,1,1,,,,,,,,,,,,,,,,
219,0,0,34,12,5,,0,0,0,,1,,,0,-1,-1,-1,1,,,,-1,0,0,0,0,,1,1,,,0,1,0,0,,0,0,,0,0,,1,1,-1,0,1,,0,1,,1,1,1,,,,,,,,,,,,,,,
223,0,0,13,9,4,,-1,-1,,,,,1,1,-1,,,,,,,-1,,,,1,,,,,,1,,,,,,,,,1,,1,1,1,,,,,1,,,,,,,,,,,,,,,,,,,
229,0,0,39,19,11,,0,0,0,,,-1,-1,-1,-1,-1,-1,1,-1,0,,,1,,1,-1,1,1,1,1,0,1,1,,1,1,,1,-1,1,1,0,0,1,1,0,1,,-1,1,0,1,,,,-1,,,,,,,,,,,,,
244,0,0,23,13,5,,0,,-1,,,,,,,,,1,,,,,1,,1,-1,1,,1,1,0,,,1,,,,,-1,,,1,,1,1,,1,,-1,1,-1,,,0,1,,0,0,,,,,,,,,,,
264,,0,2,2,0,,1,,,,,,,,,,,,,,,,,,,,,,,,,,,,,,,,,1,,,,,,,,,,,,,,,,,,,,,,,,,,,,,
268,,0,5,0,0,,0,0,,,,0,,,,,,,,,,,,,,,,,,,,,0,0,,,,,,,,,,,,,,,,,,,,,,,,,,,,,,,,,,,
304,0,1,24,13,9,,0,,1,,1,-1,,1,,-1,-1,,-1,,0,,1,,,-1,,,1,,,,1,1,,,,1,,,,-1,,,1,,,,-1,,-1,,,1,1,,,,,,-1,1,,,,,1,,
320,1,0,12,4,5,,0,1,,,,0,,,,,,-1,1,,-1,,,,,,,,,,,,,,,,,,,,1,,,,,,,,,-1,,1,,,,-1,,,,0,,,,,,,-1,,
321,0,0,14,6,2,,0,0,,,,1,,,-1,,,,-1,,,,,,,,,,,,,0,,,0,1,,,,1,,,,,0,,,1,,,,,,,,1,,,,,,,,,,0,,1,
327,0,0,8,4,1,,0,0,,1,,,,,-1,,,,,,,,,,,,,,,,,,,,,,,,,,1,,1,,,,,,,,,,,,,,,,,1,,,,,,,0,,
339,0,0,12,7,5,,-1,,,,,-1,-1,1,,,-1,,,,,,,,,,,,,,,,1,,-1,,,,,,,,,1,,,,,,,1,,,,,,,,,1,,1,1,,,,,,
351,0,0,14,10,2,,0,,,,,,,-1,,,,1,,,,,,,,,,,,1,,1,,1,,,,,,,-1,,,,,1,,,,,0,,,,1,,,,1,1,,1,,,1,,,,
352,,0,5,0,5,,-1,,,,,,,,-1,,,,,-1,,,,,,,,,,,,,,,,,,,,,,,,,,,,,-1,,-1,,,,,,,,,,,,,,,,,,
356,0,0,19,10,5,,0,,-1,,,,-1,,,,-1,,-1,0,,,,,1,,,,1,0,,,,,,1,,,,1,,1,,,,,,,1,,-1,,,1,1,,,,1,,,,,,,0,,1,
363,0,0,36,19,9,,0,,0,,,-1,-1,-1,-1,-1,,1,,0,,-1,1,,,-1,,,,1,1,0,1,0,1,1,,0,1,,,,,1,,1,,1,,1,-1,,-1,1,,1,1,1,,1,1,,1,0,,0,,,
369,0,0,15,11,2,,0,,,,,,,,,-1,,,,,-1,,1,1,,,,,,,,,,,,1,,,,,,,1,1,1,,,1,,,1,,,1,1,,,,,,,,,0,,1,,,
370,0,0,10,1,5,,0,,,,,,,,0,,-1,,,,,,,,,-1,,,,,,0,,,,,,,,,,,,,-1,,,,,,,,1,,,-1,0,,,,,,,-1,,,,,
384,1,0,27,6,7,,0,0,0,-1,,1,1,,-1,,,0,1,,-1,,0,0,,0,0,,0,,,,0,-1,,,,,,0,,,,,-1,,,1,,0,0,,,,,,,1,-1,,-1,1,,,,,0,,
393,1,0,21,4,16,,0,,,,-1,,,-1,1,1,,,,,-1,,,,,1,-1,,,-1,,,-1,-1,,-1,,,-1,,,,,,-1,,,,1,,-1,,,,-1,,,,,-1,-1,-1,,,,,-1,,
397,1,0,13,4,2,,0,,,,,1,,,,,,,,,,0,,,,1,,,,,,,-1,,,0,,1,0,,,,0,,,,,-1,,,,,,,,0,,0,,1,,,,,,,,,
400,0,0,8,4,2,,-1,,,,,1,,,,,,,,,,0,,,,,1,,,,,,,0,,,,,,,,,,,,,,,,,,1,,1,,,,,,,,,,,,-1,,,
403,0,0,24,15,5,,0,,,,1,,,1,,,-1,,-1,0,1,,,1,,0,,,1,,,,,1,1,,,,,,,1,1,1,1,1,1,1,-1,,,1,-1,,,,,,,,0,,,,,,-1,,
408,0,0,17,10,0,,0,0,,,,,,,,,,,,0,,,,,,0,1,1,1,,,,,,1,,,,0,1,,1,1,,,,,,,,0,0,,,,1,,,,,,,,,,,1,1,
25,,0,5,2,1,,,-1,1,,0,,,,,,,,,,,0,,,,,,,,,,,,,,,1,,,,,,,,,,,,,,,,,,,,,,,,,,,,,,,,
28,,0,1,1,0,,,1,,,,,,,,,,,,,,,,,,,,,,,,,,,,,,,,,,,,,,,,,,,,,,,,,,,,,,,,,,,,,
55,1,0,8,4,3,,,0,-1,,-1,1,1,,,1,,-1,1,,,,,,,,,,,,,,,,,,,,,,,,,,,,,,,,,,,,,,,,,,,,,,,,,,
98,0,0,13,4,6,,,-1,-1,,1,,-1,-1,-1,-1,,1,0,0,0,,1,1,,,,,,,,,,,,,,,,,,,,,,,,,,,,,,,,,,,,,,,,,,,,,
126,1,0,7,2,1,,,0,1,-1,,,,,1,,,,,,0,,,,,0,,,,,0,,,,,,,,,,,,,,,,,,,,,,,,,,,,,,,,,,,,,,
150,0,0,23,13,7,,,0,,1,,0,-1,-1,-1,,-1,,,0,,-1,1,,,,1,1,1,,1,1,1,,1,1,-1,1,-1,1,,,,,1,,,,,,,,,,,,,,,,,,,,,,,,
156,0,0,9,4,5,,,-1,,,,,,,-1,-1,,1,,,,1,,,,,,,,,1,,,,,,,,,-1,,-1,,,,1,,,,,,,,,,,,,,,,,,,,,,,
161,0,1,36,19,6,,,0,0,1,1,-1,0,-1,-1,-1,-1,1,,0,,,0,1,1,-1,0,1,1,0,0,1,1,1,1,0,1,1,1,1,,1,0,1,1,0,1,,,,,,,,,,,,,,,,,,,,,,
179,0,0,9,6,3,,,1,,,,,-1,,,,,,,,,-1,,,,,1,,1,1,,,,,,,,,,,-1,,,,1,,1,,,,,,,,,,,,,,,,,,,,,,
182,1,0,9,2,1,,,-1,,,,0,,,,0,,,,,,,,0,,0,,,,,,,,,1,1,,,,,,,,,,,0,0,,,,,,,,,,,,,,,,,,,,,
186,,0,4,1,2,,,0,,,,,,,,-1,,,-1,,1,,,,,,,,,,,,,,,,,,,,,,,,,,,,,,,,,,,,,,,,,,,,,,,,
195,0,0,8,3,1,,,0,,,,,,,-1,,,,,,,,,,,,,1,,,,0,,,,0,,,1,,0,,,,,,1,,,,,,,,,,,,,,,,,,,,,,
199,0,0,14,10,3,,,0,,,,,,,,-1,,1,-1,,,,,,,,,1,,1,,,,,1,,,,,,,1,1,1,1,-1,,1,,,1,,,,,,,,,,,,,,,,,,
207,0,0,13,7,3,,,0,,,,,,,-1,,-1,,1,,,,,0,1,,,1,,,0,,,,1,1,,,1,,,-1,,,,1,,,,,,,,,,,,,,,,,,,,,,,
213,0,0,19,10,4,,,-1,1,1,1,-1,,1,,,,1,,0,0,-1,,1,,,,,1,,1,,,,,0,,1,0,,,,,,,,,,-1,1,,,0,,,,,,,,,,,,,,,,
220,0,0,18,7,0,,,0,,,,,,,,,,,,0,,,1,,,,1,,,,0,,,,0,,,,0,1,1,,0,1,,0,0,0,,1,0,1,0,,,,,,,,,,,,,,,,
237,0,0,14,6,4,,,0,,0,,,,-1,,-1,-1,,,0,,,,,,-1,,,,,,,,1,,1,,,,,1,,,0,,,,,,,,,1,,,1,1,,,,,,,,,,,,
255,0,0,43,31,12,,,1,1,,1,-1,-1,-1,-1,-1,-1,1,-1,,-1,-1,1,1,,-1,,1,1,1,1,1,1,1,,1,-1,1,1,1,1,,1,1,1,1,1,1,-1,1,1,1,1,,1,,1,1,,,,,,,,,,,
263,0,0,12,9,1,,,0,,,1,-1,,0,,,,1,,,,,,1,,,1,,1,,,1,,,,,,,,,,,1,,,,,,,,1,,,1,,,,,,,,,,,,,,,
270,0,0,18,12,2,,,0,1,1,1,-1,,,,,,,,,0,,,,,-1,,,,,1,,1,,1,,,,0,1,,1,,1,,1,,,,1,0,,,,,,1,,,,,,,,,,,,
288,0,0,8,7,1,,,1,,,,,,,,,,,,,,-1,,,,,1,,,,1,,,,,,,,,,,,,1,,,1,,,,1,,,1,,,,,,,,,,,,,,,
309,0,0,19,8,4,,,0,1,,1,-1,,,,,-1,,-1,,,,,0,0,-1,,,,0,,,,1,,,,,,,,,,0,1,1,,,,1,,,0,,,,,,,,,1,0,,,,1,,
328,0,0,17,4,1,,,0,,,,,0,,,,0,,0,0,,,,,0,,,,,,,,,,,,,,0,1,1,,,,,,,0,-1,,,0,,,,,,1,,,,0,1,0,,,0,,
333,0,0,19,5,6,,,0,1,0,,,,-1,,,,,-1,,0,,,-1,1,-1,,,1,,0,,1,,,,,,,,,,,,,1,,,-1,,-1,,0,,,0,,,,0,,,,,,0,,,
334,0,0,22,17,4,,,0,-1,1,,,-1,,-1,-1,,1,,,,,,,,,1,,1,1,,,,,,,,,1,1,1,,1,,,,,,,1,,1,,1,,1,1,1,1,,,,,,,,1,,
335,0,0,8,8,0,,,1,,,,,,,,,,1,,,,,,,1,,,1,,,,1,,,,,,,,,,,,,,,,,,,,,,,,,,,1,,,,,1,1,,,,
337,0,1,33,23,2,,,0,,,,,,,0,,-1,1,0,0,0,,1,1,1,,,,1,1,,1,1,,1,,-1,1,1,,1,1,1,,,,1,,,,0,,0,,1,0,1,1,1,,,,1,1,1,,,1,
358,0,0,14,11,1,,,0,,1,1,,-1,,,,,,,,,,,,,,,,,,,1,1,1,,,,,,,,,,,,,,1,,1,,1,,,,,,,1,,,1,,1,,,0,,
362,0,0,8,4,0,,,0,,1,1,,,,,,,,,,,,,,,,,,,,,,,1,,,,1,,,,,,,,,,,,,,,,,,0,,,,,0,,,,,,,0,
366,,0,1,0,0,,,0,,,,,,,,,,,,,,,,,,,,,,,,,,,,,,,,,,,,,,,,,,,,,,,,,,,,,,,,,,,,,
381,0,0,22,10,0,,,0,,,0,,,0,,,,1,,0,1,,,0,,,,,,,,0,,,,,,,,,0,1,,,,0,,1,,,0,1,0,1,,1,,,1,1,,,,0,,0,,1,
388,0,0,18,9,4,,,0,,,,-1,,-1,,-1,0,,,0,,,,,1,,,,1,1,0,1,,1,,,,1,1,0,,,,,,1,,,-1,,,,1,,,,,,,,,,,,,,,,
390,0,0,20,12,5,,,0,,1,,,-1,-1,,-1,,,-1,,,,1,,,,,,1,,,0,,,1,,,,,1,,1,1,,1,,,1,,,0,,,1,,-1,,1,,,,,,,,1,,,
396,0,0,13,7,2,,,0,,1,,-1,,,0,0,,,-1,,,,1,1,,,,,,1,,,,,,,,1,,,,0,,,,,,,,,,,,,,,,1,,,,1,,,,,,,
104,,0,6,1,4,,,,1,0,,-1,,-1,,-1,,,-1,,,,,,,,,,,,,,,,,,,,,,,,,,,,,,,,,,,,,,,,,,,,,,,,,,
108,1,0,11,6,5,,,,1,-1,-1,,,1,,,-1,1,-1,,1,1,,-1,,1,,,,,,,,,,,,,,,,,,,,,,,,,,,,,,,,,,,,,,,,,,,
160,1,0,9,5,2,,,,1,,,1,,,,,1,,1,,,,,,,,,,,,,-1,,-1,,,,,,1,,0,,,,0,,,,,,,,,,,,,,,,,,,,,,,
201,0,0,12,8,0,,,,1,,1,,0,,,,,1,,,,,1,,,,1,,,,1,,,,,,0,,,,,,,,0,,1,,0,,,1,,,,,,,,,,,,,,,,,
205,0,0,15,11,3,,,,1,,,,,,-1,,-1,1,,-1,,,1,,,,,1,,,,,,,0,,,,,,1,1,,,,,,1,,1,1,1,1,,,,,,,,,,,,,,,,
230,0,0,24,18,6,,,,1,1,,-1,-1,1,,,,1,-1,,,,1,1,1,-1,1,,,1,,1,,1,,,-1,1,1,,1,,1,,1,,,1,-1,1,,,,,,,,,,,,,,,,,,,
242,0,0,11,9,1,,,,1,,1,-1,,,,,,,,,,,,,,,1,,,,,0,1,,1,,,1,,1,,,,1,,,,,,,,,,1,,,,,,,,,,,,,,,
248,,0,6,2,0,,,,0,,,,,,1,1,,,,,0,,,,,,,,,,,,,,,,,,,,,,,,,,,,,,,,,,0,,,0,,,,,,,,,,,
265,1,0,8,1,5,,,,0,,,,,,,,,-1,,,,,,,,,,,,,0,,,,,,,-1,-1,-1,,,,,,,,,1,,,,,,,,,-1,,,,,,,,,,,
297,1,0,20,3,9,,,,0,-1,-1,1,,,1,,,-1,1,0,0,,0,,,,,-1,-1,-1,,,,,,,,0,,,,,,,-1,,,,,0,,,,0,-1,,,-1,,0,,,,,,,,,
316,0,0,8,6,1,,,,1,,,-1,,,,,,,,,,,,,,,,,,1,0,,,,1,,1,,,,,,,,,,,,,,,,,,,,,,,1,,,,,1,,,,
318,0,0,15,7,5,,,,1,,,,,,,,-1,,,,-1,,,1,0,-1,,,,,,1,,1,,,1,,,,,0,,,,,,1,-1,,,,-1,,,,,,,,,1,,,,0,,,
373,,0,5,2,3,,,,1,,,,,,,,,,,,1,,,,,,,,-1,,,,,,,,,,,,,,,,,,,,,,,,,,,,-1,,,,,,,,,,,-1,
376,0,0,29,8,1,,,,1,0,0,,0,,-1,,,1,,,1,0,,,,0,1,,,,0,,0,1,,0,,0,,,,,0,1,,,,0,0,,0,,1,,,0,0,0,,0,,0,,0,,,0,1,
379,0,0,13,4,5,,,,1,,,-1,,,-1,-1,-1,,,0,,,,,,-1,,,,1,,1,,,,,,,,,,,,1,,,,,,,,,,,,0,,,,,0,,,0,,,,,
383,0,0,10,5,2,,,,-1,,,,,,,,,,0,,-1,,,1,,,,,,1,,,,,,,0,,1,,1,,,,,,1,,,,,,,,,,0,,,,,,,,,,,,
11,,0,1,0,1,,,,,-1,,,,,,,,,,,,,,,,,,,,,,,,,,,,,,,,,,,,,,,,,,,,,,,,,,,,,,,,,,,
56,,0,3,3,0,,,,,1,,,,,,,,1,,,1,,,,,,,,,,,,,,,,,,,,,,,,,,,,,,,,,,,,,,,,,,,,,,,,
71,0,0,7,3,4,,,,,1,,-1,-1,,,,,1,,-1,-1,,1,,,,,,,,,,,,,,,,,,,,,,,,,,,,,,,,,,,,,,,,,,,,,,
112,1,0,8,6,2,,,,,-1,,1,1,1,,,,,1,1,,,,,-1,1,,,,,,,,,,,,,,,,,,,,,,,,,,,,,,,,,,,,,,,,,,,
206,,0,3,3,0,,,,,1,,,,1,,,,,,,,,,,,,,,,,,,1,,,,,,,,,,,,,,,,,,,,,,,,,,,,,,,,,,,,
211,,0,6,3,3,,,,,1,,,,,,,,,,,,,,,1,-1,,,,,,,,,,,,1,,,-1,,,-1,,,,,,,,,,,,,,,,,,,,,,,,,
216,0,0,10,5,0,,,,,0,,,,1,0,,,,,,,,,,0,,1,,1,,,,,1,,,,,,,,0,,,,1,,0,,,,,,,,,,,,,,,,,,,,,
285,1,1,18,1,17,,,,,-1,,-1,,,,,,,-1,-1,,,,,-1,,,-1,,-1,,-1,,-1,,,-1,-1,,,,,-1,,,,-1,-1,,,,,,,-1,-1,-1,,,,1,,,,,,,,
307,0,0,27,15,10,,,,,1,,-1,,-1,-1,-1,,1,,,,-1,1,,,-1,,1,,1,0,,1,1,,,-1,,,0,,,,,,-1,1,,,1,,1,,,1,-1,,1,1,,,,1,-1,1,,,,
311,0,0,11,9,0,,,,,1,,,,,,,,0,,,,,1,,,,1,,1,1,,,,,,,,,,1,0,,,1,,,,,1,,,,,,,,,,,1,,,,,,,,,
331,,0,2,2,0,,,,,1,,,,,,,,,,,,,,,,,,,,,,,,,,,,,,,,,,,,,,,,,,,,,,,,,,,,,,,1,,,,
336,1,0,16,6,9,,,,,-1,,,-1,,,,,1,,0,,,,,1,1,,,,1,,,,,,,,,1,,-1,,-1,,,,,-1,,,-1,,,,,,-1,,,-1,1,,,,,,-1,,
340,0,0,13,5,5,,,,,1,,,,,,,-1,,,0,,-1,,,0,,,,,,,,1,,,,,,,,0,,,1,-1,,,,-1,1,,1,,,,,-1,,,,,,,,,,,,
345,0,0,20,10,8,,,,,1,1,,,0,,,,1,-1,,-1,,1,,,,,,,,0,,,,,,,,-1,,,,1,,1,1,,,-1,1,,,,1,,,-1,-1,,,,,-1,,,-1,,1,
350,0,0,13,9,2,,,,,1,,,-1,,,,,,,,1,-1,,,,,,1,,1,,,1,,,,1,0,1,1,,,,,,,,,,,,,1,,,,,,,,,,,0,,,,,
394,0,0,18,12,3,,,,,1,,,,,,,,,,0,0,-1,,1,,,,1,1,,,1,1,,,,-1,1,,1,,1,,,,,,,,1,-1,,,1,,1,,,,,,,,,,0,,,
406,,0,2,2,0,,,,,1,,,,,,,,,,,,,,,,,,,1,,,,,,,,,,,,,,,,,,,,,,,,,,,,,,,,,,,,,,,,
89,,0,1,1,0,,,,,,1,,,,,,,,,,,,,,,,,,,,,,,,,,,,,,,,,,,,,,,,,,,,,,,,,,,,,,,,,,
132,,0,1,1,0,,,,,,1,,,,,,,,,,,,,,,,,,,,,,,,,,,,,,,,,,,,,,,,,,,,,,,,,,,,,,,,,,
173,1,1,23,5,3,,,,,,0,0,,1,,,,0,1,0,,,,-1,0,0,0,,,,0,,0,,0,0,1,,0,,1,-1,,,-1,0,0,0,1,,,,,,,,,,,,,,,,,,,,
187,0,0,10,7,2,,,,,,1,-1,,,,,,,-1,,,,1,1,,,,,,,,1,1,,0,1,,,,,,,,,,,,,,1,,,,,,,,,,,,,,,,,,,
188,0,0,15,13,1,,,,,,1,,,,,-1,,,1,1,,,1,,,,,1,,1,1,,,1,,,1,,,,1,,1,1,,,,1,,,0,,,,,,,,,,,,,,,,,,
190,0,0,11,8,1,,,,,,0,,,0,,,,,,-1,,,1,,,,,,1,,,,,,,1,,1,,,,,1,1,,,,1,,1,,,,,,,,,,,,,,,,,,,
239,0,0,18,12,5,,,,,,1,,-1,,-1,,-1,,,,,-1,,,,,,1,,1,,1,1,,,1,,,1,1,-1,,1,1,,,,,,1,,,0,,,,,1,,,,,,,,,,,
247,0,0,18,10,7,,,,,,1,-1,,,-1,-1,-1,,-1,,,-1,,,,0,,1,1,,,1,1,,,,,,,1,,,,,,1,1,,-1,,,,,1,,,1,,,,,,,,,,,,
249,0,0,7,6,1,,,,,,1,,,,,-1,,,,,,,,,,,,1,,1,1,,,,,1,,,,,,,,,,,,,,,1,,,,,,,,,,,,,,,,,,
283,0,0,7,4,3,,,,,,1,,-1,,,,,-1,,,,,,,1,,,1,,1,,,,,,,,,,,,,-1,,,,,,,,,,,,,,,,,,,,,,,,,,
75,,0,3,0,3,,,,,,,-1,-1,,,,,,,-1,,,,,,,,,,,,,,,,,,,,,,,,,,,,,,,,,,,,,,,,,,,,,,,,,
157,,0,4,1,0,,,,,,,0,,0,,,,,,,,,,,,,,,,,,,,,,,,,,1,,0,,,,,,,,,,,,,,,,,,,,,,,,,,,
286,0,0,9,6,2,,,,,,,-1,,,,,,,,,0,,,,,,1,1,,,,,,,,,,-1,,,,,,1,,,,1,,,,1,,,,,,,,1,,,,,,,,,
382,1,0,14,4,10,,,,,,,1,1,,1,,,,,,,,,,,1,,,,-1,,-1,-1,,,,,,,,,,,-1,,-1,-1,-1,,-1,,,-1,,,,,,,,,,,-1,,,,,
392,0,0,14,7,5,,,,,,,-1,,,,-1,,,,,,,,,,,,1,,1,0,1,,,,1,,,,,,,,0,,,,,-1,,,1,,1,,,,1,,,,,-1,-1,,,,,
107,,0,1,0,1,,,,,,,,-1,,,,,,,,,,,,,,,,,,,,,,,,,,,,,,,,,,,,,,,,,,,,,,,,,,,,,,,,
115,,0,1,1,0,,,,,,,,1,,,,,,,,,,,,,,,,,,,,,,,,,,,,,,,,,,,,,,,,,,,,,,,,,,,,,,,,
120,0,0,9,4,5,,,,,,,,-1,-1,,-1,-1,,,,,,,,1,,1,,,,-1,,1,1,,,,,,,,,,,,,,,,,,,,,,,,,,,,,,,,,,,
330,0,0,7,6,1,,,,,,,,1,,,,-1,,,,,,,,1,,1,,,,,,1,,,,,,,,,1,,,,,,,,,,,,,1,,,,,,,,,,,,,,
111,,0,1,0,0,,,,,,,,,0,,,,,,,,,,,,,,,,,,,,,,,,,,,,,,,,,,,,,,,,,,,,,,,,,,,,,,,
200,,0,4,2,2,,,,,,,,,-1,,-1,,,,,,,,,,,,1,,1,,,,,,,,,,,,,,,,,,,,,,,,,,,,,,,,,,,,,,,
232,0,0,7,7,0,,,,,,,,,1,,,,,,,1,,,,1,,,,,1,1,,,,1,,,1,,,,,,,,,,,,,,,,,,,,,,,,,,,,,,,
245,0,0,9,6,1,,,,,,,,,-1,,,,1,,,,,,,,0,1,,1,,,,,,,1,,,1,,,,,,0,,,,,,,,,1,,,,,,,,,,,,,,,
282,,0,3,3,0,,,,,,,,,1,,,,,,,,,,,,,,,,,,,,,,,,,,,,,1,,,,,,,,,,1,,,,,,,,,,,,,,,,
310,1,0,12,6,4,,,,,,,,,1,,,,,,,,-1,,,,,,,,,,0,,1,,0,,,-1,,,,,,,-1,,,,,-1,,,,1,,,,1,,,,,,1,1,,,
386,1,0,9,0,0,,,,,,,,,0,,0,,,,,,,,,,0,,,,,0,,,,,,,,,,0,,0,,,,,,,,,0,,,,0,,,,,,0,,,,,,,
389,1,0,9,0,0,,,,,,,,,0,,,,,,,,,,,,,,,0,0,0,0,,,,0,,0,,0,,,,,,,,,0,,,,,,,,,,,,,,,,,,,,
54,,0,1,1,0,,,,,,,,,,1,,,,,,,,,,,,,,,,,,,,,,,,,,,,,,,,,,,,,,,,,,,,,,,,,,,,,,
90,,0,1,1,0,,,,,,,,,,1,,,,,,,,,,,,,,,,,,,,,,,,,,,,,,,,,,,,,,,,,,,,,,,,,,,,,,
319,0,0,10,6,3,,,,,,,,,,-1,,-1,,,,,,1,,,,,1,1,,,,,,,,,,,,,,,,,1,,,,,1,,,,,,,1,,,-1,,,0,,,,,
357,0,0,16,5,11,,,,,,,,,,-1,,-1,,-1,-1,,-1,,1,,,,,1,,,,,,,,-1,1,,,,,,,,,,,-1,,-1,,,1,-1,,,,,,,,,-1,,-1,1,,
374,,0,6,3,3,,,,,,,,,,-1,,,,1,,,-1,,,,,,,,,,,,,,,,,,,1,,,,,,,,-1,,,,,,,,,1,,,,,,,,,,,
61,,0,1,0,1,,,,,,,,,,,-1,,,,,,,,,,,,,,,,,,,,,,,,,,,,,,,,,,,,,,,,,,,,,,,,,,,,,
72,,0,1,0,1,,,,,,,,,,,-1,,,,,,,,,,,,,,,,,,,,,,,,,,,,,,,,,,,,,,,,,,,,,,,,,,,,,
109,,0,1,0,1,,,,,,,,,,,-1,,,,,,,,,,,,,,,,,,,,,,,,,,,,,,,,,,,,,,,,,,,,,,,,,,,,,
226,,0,1,0,1,,,,,,,,,,,-1,,,,,,,,,,,,,,,,,,,,,,,,,,,,,,,,,,,,,,,,,,,,,,,,,,,,,
290,0,0,9,3,3,,,,,,,,,,,-1,,,,,,,,,,-1,,,,,1,,,,,,,,,1,,0,,,,0,,,-1,,,,0,,,,,,,1,,,,,,,,,
361,0,0,15,10,4,,,,,,,,,,,-1,,1,-1,,,,,,,,,,,1,,1,,,,,-1,,,1,,,0,,,,,,,1,,,,,,,1,,,,-1,,1,1,,1,1,,
372,0,0,13,6,4,,,,,,,,,,,-1,,,,0,1,,1,1,,-1,1,,,,-1,,,,,,0,,,,,,,,,,,,,,,,,1,,,,,1,,-1,,,0,,,,,
53,,0,1,0,1,,,,,,,,,,,,-1,,,,,,,,,,,,,,,,,,,,,,,,,,,,,,,,,,,,,,,,,,,,,,,,,,,,
136,0,0,7,4,2,,,,,,,,,,,,-1,,,,-1,,,1,0,,1,,,,,,1,,,1,,,,,,,,,,,,,,,,,,,,,,,,,,,,,,,,,
154,,0,1,0,0,,,,,,,,,,,,0,,,,,,,,,,,,,,,,,,,,,,,,,,,,,,,,,,,,,,,,,,,,,,,,,,,,
192,,0,4,2,2,,,,,,,,,,,,-1,,,,,,1,,,,,,,,,,1,,,,,,,,,,,,,,,,-1,,,,,,,,,,,,,,,,,,,,
246,,0,1,0,1,,,,,,,,,,,,-1,,,,,,,,,,,,,,,,,,,,,,,,,,,,,,,,,,,,,,,,,,,,,,,,,,,,
253,,0,1,0,1,,,,,,,,,,,,-1,,,,,,,,,,,,,,,,,,,,,,,,,,,,,,,,,,,,,,,,,,,,,,,,,,,,
267,0,0,13,10,3,,,,,,,,,,,,-1,,,1,,-1,,,,,,1,,,,,1,,,,,,,1,,,,,1,1,1,,-1,,1,,,,,,,1,1,,,,,,,,,,
347,,0,4,3,1,,,,,,,,,,,,-1,,,,,,,,,,,,,1,,,,,,,,1,,,,,,,,,,,,,,,,1,,,,,,,,,,,,,,,
119,1,0,7,2,2,,,,,,,,,,,,,1,,0,0,,0,,,1,,-1,-1,,,,,,,,,,,,,,,,,,,,,,,,,,,,,,,,,,,,,,,,
164,,0,3,0,1,,,,,,,,,,,,,-1,,,,,,,,,,,,,,,,,,,,0,0,,,,,,,,,,,,,,,,,,,,,,,,,,,,,,
276,0,0,8,6,1,,,,,,,,,,,,,1,,,0,,,,,,,,,1,,1,,,,,,,,,,,1,1,-1,,,,,,,,,,,,1,,,,,,,,,,,,
293,,0,5,1,1,,,,,,,,,,,,,0,,,,,,0,,,,,,,,,,,,,,0,,,,,,,,,,,,,,,,,,,-1,,,,,,1,,,,,,
343,0,0,10,8,1,,,,,,,,,,,,,1,,,0,,,,1,-1,,,,,1,,,,,,1,,,,,,,,,,,,,1,,,,,,,,,,1,,1,,,1,,,,
354,,0,4,0,4,,,,,,,,,,,,,-1,,,,,,,-1,,,,,,-1,,,,,,,,-1,,,,,,,,,,,,,,,,,,,,,,,,,,,,,,
407,,0,4,4,0,,,,,,,,,,,,,1,,,,,,,,,,,,,,,,,,1,,,,,,1,,,,,,,1,,,,,,,,,,,,,,,,,,,,
241,,0,2,1,1,,,,,,,,,,,,,,-1,,,,,,,,,,,,,,,,,,,,,,,,,,,,,,,,,,,1,,,,,,,,,,,,,,,
277,,0,5,2,2,,,,,,,,,,,,,,-1,,,,,,,,1,1,,,,,,,,,,,,,,,,,,,,,,,,,-1,,,,,0,,,,,,,,,,,
349,0,0,9,4,5,,,,,,,,,,,,,,-1,,,,,,,-1,,,,,,,,,,1,,1,,,-1,,,,,,1,,-1,,,,,,,-1,,,1,,,,,,,,,,
404,,1,3,1,2,,,,,,,,,,,,,,-1,,,,,,,,,,,,,,,,,,,,,,,,,,,,,,,,,,,,,,,,,-1,,,,,,,,,1
194,,0,5,4,0,,,,,,,,,,,,,,,1,0,,,,,,1,,,,,,,,1,,,,1,,,,,,,,,,,,,,,,,,,,,,,,,,,,,,
367,,0,1,1,0,,,,,,,,,,,,,,,1,,,,,,,,,,,,,,,,,,,,,,,,,,,,,,,,,,,,,,,,,,,,,,,,,
94,,0,2,0,2,,,,,,,,,,,,,,,,-1,,,-1,,,,,,,,,,,,,,,,,,,,,,,,,,,,,,,,,,,,,,,,,,,,,
110,,0,1,0,1,,,,,,,,,,,,,,,,-1,,,,,,,,,,,,,,,,,,,,,,,,,,,,,,,,,,,,,,,,,,,,,,,,
128,,0,1,1,0,,,,,,,,,,,,,,,,1,,,,,,,,,,,,,,,,,,,,,,,,,,,,,,,,,,,,,,,,,,,,,,,,
80,,0,1,0,1,,,,,,,,,,,,,,,,,-1,,,,,,,,,,,,,,,,,,,,,,,,,,,,,,,,,,,,,,,,,,,,,,,
322,,0,1,0,1,,,,,,,,,,,,,,,,,-1,,,,,,,,,,,,,,,,,,,,,,,,,,,,,,,,,,,,,,,,,,,,,,,
375,,0,4,0,4,,,,,,,,,,,,,,,,,-1,,,,,,,,,,-1,,,,,,,,,,,-1,,,,,,,,,,,,,,,,,,-1,,,,,,,,
65,,2,2,2,0,,,,,,,,,,,,,,,,,,1,1,,,,,,,,,,,,,,,,,,,,,,,,,,,,,,,,,,,,,,,,,,,,,
121,,0,1,1,0,,,,,,,,,,,,,,,,,,1,,,,,,,,,,,,,,,,,,,,,,,,,,,,,,,,,,,,,,,,,,,,,,
155,,0,4,4,0,,,,,,,,,,,,,,,,,,1,,,,,,,,,,,,,,,,,1,1,,1,,,,,,,,,,,,,,,,,,,,,,,,,,
197,,0,1,1,0,,,,,,,,,,,,,,,,,,1,,,,,,,,,,,,,,,,,,,,,,,,,,,,,,,,,,,,,,,,,,,,,,
364,,0,1,1,0,,,,,,,,,,,,,,,,,,1,,,,,,,,,,,,,,,,,,,,,,,,,,,,,,,,,,,,,,,,,,,,,,
124,,0,3,3,0,,,,,,,,,,,,,,,,,,,1,,,,,1,,,,1,,,,,,,,,,,,,,,,,,,,,,,,,,,,,,,,,,,,
135,,1,2,1,1,,,,,,,,,,,,,,,,,,,-1,,,,,,,,,,,,,1,,,,,,,,,,,,,,,,,,,,,,,,,,,,,,,,
165,,0,1,1,0,,,,,,,,,,,,,,,,,,,,1,,,,,,,,,,,,,,,,,,,,,,,,,,,,,,,,,,,,,,,,,,,,
231,,0,2,2,0,,,,,,,,,,,,,,,,,,,,1,,,,,,,,,,,,,,,,,,,,,,,,,,,,,,1,,,,,,,,,,,,,,
234,,0,4,4,0,,,,,,,,,,,,,,,,,,,,1,,,,,,,,1,,,1,,,,,,,1,,,,,,,,,,,,,,,,,,,,,,,,,,
348,,0,5,2,3,,,,,,,,,,,,,,,,,,,,-1,,,,,,,,,,,,,,,1,,-1,,,,,,,,,,,,,,,,,,,,,,1,,,-1,,
103,,0,1,1,0,,,,,,,,,,,,,,,,,,,,,1,,,,,,,,,,,,,,,,,,,,,,,,,,,,,,,,,,,,,,,,,,,
175,,0,2,2,0,,,,,,,,,,,,,,,,,,,,,1,,,,,,,,,,,,,,1,,,,,,,,,,,,,,,,,,,,,,,,,,,,,
274,,0,1,1,0,,,,,,,,,,,,,,,,,,,,,1,,,,,,,,,,,,,,,,,,,,,,,,,,,,,,,,,,,,,,,,,,,
250,,0,4,4,0,,,,,,,,,,,,,,,,,,,,,,1,,,,,,,,,,,,,,,,,,,,1,,1,,,,,,1,,,,,,,,,,,,,,
139,,0,1,1,0,,,,,,,,,,,,,,,,,,,,,,,1,,,,,,,,,,,,,,,,,,,,,,,,,,,,,,,,,,,,,,,,,
214,,0,2,2,0,,,,,,,,,,,,,,,,,,,,,,,1,,,,,,,,,,,,,,,,,,,,,,,,,,1,,,,,,,,,,,,,,,
294,,0,2,0,0,,,,,,,,,,,,,,,,,,,,,,,0,,,,,,,,,,,,,,,,,,,,,,,,,,,,,,,,,,,0,,,,,,
262,,0,1,1,0,,,,,,,,,,,,,,,,,,,,,,,,,1,,,,,,,,,,,,,,,,,,,,,,,,,,,,,,,,,,,,,,,
215,,0,1,1,0,,,,,,,,,,,,,,,,,,,,,,,,,,,1,,,,,,,,,,,,,,,,,,,,,,,,,,,,,,,,,,,,,
312,,0,1,1,0,,,,,,,,,,,,,,,,,,,,,,,,,,,1,,,,,,,,,,,,,,,,,,,,,,,,,,,,,,,,,,,,,
130,,0,1,1,0,,,,,,,,,,,,,,,,,,,,,,,,,,,,,1,,,,,,,,,,,,,,,,,,,,,,,,,,,,,,,,,,,
183,,0,1,1,0,,,,,,,,,,,,,,,,,,,,,,,,,,,,,1,,,,,,,,,,,,,,,,,,,,,,,,,,,,,,,,,,,
236,,0,1,1,0,,,,,,,,,,,,,,,,,,,,,,,,,,,,,1,,,,,,,,,,,,,,,,,,,,,,,,,,,,,,,,,,,
134,,0,1,0,1,,,,,,,,,,,,,,,,,,,,,,,,,,,,,,,-1,,,,,,,,,,,,,,,,,,,,,,,,,,,,,,,,,
191,,0,3,3,0,,,,,,,,,,,,,,,,,,,,,,,,,,,,,,,1,,,,1,1,,,,,,,,,,,,,,,,,,,,,,,,,,,,
240,,0,1,1,0,,,,,,,,,,,,,,,,,,,,,,,,,,,,,,,1,,,,,,,,,,,,,,,,,,,,,,,,,,,,,,,,,
257,,0,2,0,2,,,,,,,,,,,,,,,,,,,,,,,,,,,,,,,-1,,,,,,,,,,,,-1,,,,,,,,,,,,,,,,,,,,,
398,,0,3,2,1,,,,,,,,,,,,,,,,,,,,,,,,,,,,,,,-1,,,,,,,,,,1,,,,,,,,,,,1,,,,,,,,,,,,
235,,0,1,0,0,,,,,,,,,,,,,,,,,,,,,,,,,,,,,,,,0,,,,,,,,,,,,,,,,,,,,,,,,,,,,,,,,
301,,0,1,0,1,,,,,,,,,,,,,,,,,,,,,,,,,,,,,,,,,-1,,,,,,,,,,,,,,,,,,,,,,,,,,,,,,,
399,,0,1,1,0,,,,,,,,,,,,,,,,,,,,,,,,,,,,,,,,,,,,1,,,,,,,,,,,,,,,,,,,,,,,,,,,,
227,,0,1,1,0,,,,,,,,,,,,,,,,,,,,,,,,,,,,,,,,,,,,,,1,,,,,,,,,,,,,,,,,,,,,,,,,,
269,,0,1,1,0,,,,,,,,,,,,,,,,,,,,,,,,,,,,,,,,,,,,,,1,,,,,,,,,,,,,,,,,,,,,,,,,,
353,,0,1,1,0,,,,,,,,,,,,,,,,,,,,,,,,,,,,,,,,,,,,,,1,,,,,,,,,,,,,,,,,,,,,,,,,,
329,,0,1,1,0,,,,,,,,,,,,,,,,,,,,,,,,,,,,,,,,,,,,,,,,,1,,,,,,,,,,,,,,,,,,,,,,,
315,,0,1,1,0,,,,,,,,,,,,,,,,,,,,,,,,,,,,,,,,,,,,,,,,,,,,,1,,,,,,,,,,,,,,,,,,,
338,,0,1,1,0,,,,,,,,,,,,,,,,,,,,,,,,,,,,,,,,,,,,,,,,,,,,,1,,,,,,,,,,,,,,,,,,,
180,,1,1,1,0,,,,,,,,,,,,,,,,,,,,,,,,,,,,,,,,,,,,,,,,,,,,,,1,,,,,,,,,,,,,,,,,,
395,,0,1,1,0,,,,,,,,,,,,,,,,,,,,,,,,,,,,,,,,,,,,,,,,,,,,,,,1,,,,,,,,,,,,,,,,,
228,,0,1,0,1,,,,,,,,,,,,,,,,,,,,,,,,,,,,,,,,,,,,,,,,,,,,,,,,,-1,,,,,,,,,,,,,,,
296,,0,1,0,1,,,,,,,,,,,,,,,,,,,,,,,,,,,,,,,,,,,,,,,,,,,,,,,,,,,,,-1,,,,,,,,,,,
405,,0,1,0,0,,,,,,,,,,,,,,,,,,,,,,,,,,,,,,,,,,,,,,,,,,,,,,,,,,,,,,,,,0,,,,,,,
377,,0,1,1,0,,,,,,,,,,,,,,,,,,,,,,,,,,,,,,,,,,,,,,,,,,,,,,,,,,,,,,,,,,1,,,,,,
298,,1,1,1,0,,,,,,,,,,,,,,,,,,,,,,,,,,,,,,,,,,,,,,,,,,,,,,,,,,,,,,,,,,,1,,,,,
299,,0,1,1,0,,,,,,,,,,,,,,,,,,,,,,,,,,,,,,,,,,,,,,,,,,,,,,,,,,,,,,,,,,,1,,,,,
378,,0,1,0,0,,,,,,,,,,,,,,,,,,,,,,,,,,,,,,,,,,,,,,,,,,,,,,,,,,,,,,,,,,,0,,,,,
325,,0,1,0,1,,,,,,,,,,,,,,,,,,,,,,,,,,,,,,,,,,,,,,,,,,,,,,,,,,,,,,,,,,,,,-1,,,
360,,0,1,1,0,,,,,,,,,,,,,,,,,,,,,,,,,,,,,,,,,,,,,,,,,,,,,,,,,,,,,,,,,,,,,,,1,
